87,Investment Manager at Colliers International Vietnam,Commercial Real Estate
176,Software Engineer at Financial Engines,Software Engineering
249,Software Development Intern at Reppify,Software Engineering
1533,Sr Recruiter / Talent Acquisition at Red Bull,Software Engineering
1578,"SaaS Sales Leader/Producer & Business Builder in ATS, Employee Referral, HCM & E-Recruiting Industry",Software Engineering
1617,Sr. Director/VP Client Success at Oracle/Taleo/Learn.com,Software Engineering
1713,Senior Recruiter South EMEA at salesforce.com,Software Engineering
1794,National Director of Recruiting,Staffing and Recruiting
1800,Sr. Technical Recruiter,Staffing and Recruiting
1834,Regional Recruiting Business Partner at Comcast,Staffing and Recruiting
1857,Software Developer Intern at Reppify,Software Engineering
1863,"Sr. Account Executive - Platform Partnerships. Channel Sales Mentor, Guide and Alliances Shepherd",Software Engineering
1881,Director of Business Development at HarQen,Software Engineering
1959,Talent Sourcer - Principal Consultant,Staffing and Recruiting
2038,Manager- Recruitment at Microland,Human Resources
4405,"Director, Recruiting at Salesforce.com",Staffing and Recruiting
4521,Recruiting Manager at WunderLand,Staffing and Recruiting
4549,"Recruiter, Head Hunter, Staffing & Resourcing Expert | Entrepreneur | @ravi_dutt | @EOMinds |",Staffing and Recruiting
4578,"Staffing Consultant at Kenexa, an IBM Company",Staffing and Recruiting
4582,Chief Marketing Brain at Red Branch Media,Marketing and Advertising
4830,Chief Marketing Officer at ForeSee,Marketing and Advertising
8739,Senior Engineer Product Development,Software Engineering
TEST,Development in Java,Software Engineering
TEST,Data Engineering,Software Engineering
TEST,Java Backend Developer,Software Engineering
TEST,Computer Engineering,Software Engineering
TEST,Talent Sourcing,Staffing and Recruiting
TEST,Recruitment,Staffing and Recruiting
