144,Software Engineer Trainee at Reppify,Software Engineering
161,Principal Software Engineer at CA Technologies,Software Engineering
176,Software Engineer at Financial Engines,Software Engineering
193,QA Engineer at Reppify,Software Engineering
249,Software Development Intern at Reppify,Software Engineering
267,Country Implementation Manager at Experian,Software Engineering
319,Software Development Intern at Reppify,Software Engineering
1533,Sr Recruiter / Talent Acquisition at Red Bull,Software Engineering
1578,"SaaS Sales Leader/Producer & Business Builder in ATS, Employee Referral, HCM & E-Recruiting Industry",Software Engineering
1617,Sr. Director/VP Client Success at Oracle/Taleo/Learn.com,Software Engineering
1713,Senior Recruiter South EMEA at salesforce.com,Software Engineering
1786,Majors Account Executive at Box,Software Engineering
1842,Technology Solution Professional,Software Engineering
1857,Software Developer Intern at Reppify,Software Engineering
1863,"Sr. Account Executive - Platform Partnerships. Channel Sales Mentor, Guide and Alliances Shepherd",Software Engineering
1881,Director of Business Development at HarQen,Software Engineering
1932,Looking people for the position Director/VP Presales at Multiple locations in USA,Software Engineering
2924,Director-Talent Acquisition (GlobalLogic-India),Software Engineering
2954,Recruitment Consultant Level 5,Software Engineering
2977,IT Business Analyst at SoftLogique IT Solutions Pvt. Ltd.,Software Engineering
3408,"Project Engineer, Wipro Technologies, Bangalore",Software Engineering
3506,Software Engineer at reppify,Software Engineering
3532,"Assistant System Engineer,Java Developer",Software Engineering
3536,Interns,Software Engineering
3543,Sr. QA Engineer at C-SAM,Software Engineering
3600,Senior Software Enginer at Aricent Group,Software Engineering
4486,chris_cox at intuit.com: Nerd Herder & Reality Bender / Lead Engineering Sourcer (recruitment),Software Engineering
4503,Senior Recruiter at Motorola Mobility,Software Engineering
4522,"VP, Vendor Partnerships at Talemetry",Software Engineering
4592,Director of Strategic Alliances at HireVue,Software Engineering
4608,Engineering Manager at HireVue,Software Engineering
4703,Program Manager - Business Success Enablement at UST Global,Software Engineering
4734,Vice President Product at Jobvite,Software Engineering
4798,Human Capital Management Application Sales Manager at Oracle,Software Engineering
4822,Lead Technical Consultant at SuccessFactors,Software Engineering
4829,"Vice President, Business Development at HireVue",Software Engineering
4932,"CEO Zementis, Inc.",Software Engineering
5147,Performance Test Lead at Infosys,Software Engineering
5155,Senior Tech Lead at Tieto,Software Engineering
5165,"Web Developer, Project Manager at QuinStreet",Software Engineering
5169,Graduate Assistant at University of Texas at Arlington,Software Engineering
5171,Senior Software Engineering Manager,Software Engineering
5175,dot net developer at Puratech Solutions (India) Pvt. Ltd.,Software Engineering
5184,Sr. QA Engineer  at GE Energy,Software Engineering
5187,Lead Software Engineer,Software Engineering
5193,Lead Software Engineer at GE Energy,Software Engineering
5199,Quality Manager at GE Energy,Software Engineering
5204,Sr. Associate at Cognizant Technology Solutions,Software Engineering
5205,Student at The University of Texas at Arlington,Software Engineering
5215,Software Designer at RBS,Software Engineering
5216,Senior Associate Consultant - Presales at Infosys,Software Engineering
5222,Senior Software Manager at GE,Software Engineering
5226,STUDENT at University of Texas at Arlington,Software Engineering
5230,Team Leader at Newgen Software Technologies,Software Engineering
5231,Graduate Teaching Assistant at University Of Texas at Arlington,Software Engineering
5233,Software Engineer at GE,Software Engineering
5234,Lead Software Engineer at GE Oil & Gas,Software Engineering
5239,Java Developer,Software Engineering
5240,Advanced Lead Engineer at GE Energy,Software Engineering
5248,Software Developer,Software Engineering
5252,Graduate Student,Software Engineering
5254,Application Developer at JPMorgan Chase,Software Engineering
5266,at Credence Analytics,Software Engineering
5271,Technology Analyst at Goldman Sachs,Software Engineering
5280,Lead Software Engineer at GE Oil and Gas,Software Engineering
5288,SAP BASIS Administrator,Software Engineering
5289,Lead Software Eng. at GE Oil & Gas,Software Engineering
5293,Lead Software Engineer (Scrum Master) at GE Oil & Gas,Software Engineering
5294,SDET,Software Engineering
5295,Lead Engineer at GE India Industrial Pvt. Ltd.,Software Engineering
5296,Associate at JP Morgan,Software Engineering
5300,Skilled Software Engineer,Software Engineering
5304,"Masters in Computer Science at University of Texas, Arlington",Software Engineering
5305,Technical Consultant at Westpac Group,Software Engineering
5306,Software Engineer at GE Energy,Software Engineering
5311,Six Sigma Black Belt at GE,Software Engineering
5313,"Technical Support Engineer at Monitise Americas, Inc.",Software Engineering
5317,Lead Software Engineer at GE Software,Software Engineering
5327,Software Architect at IBM,Software Engineering
6551,pursuing post graduation,Software Engineering
6555,Student at Uttar Pradesh Technical University,Software Engineering
7386,Manager at Accenture,Software Engineering
7426,Software Developer at Nisum Technologies,Software Engineering
7595,VP Sales at GooodJob,Software Engineering
7669,SAP F&R Consultant,Software Engineering
7673,QA Consultant at SmarTek21,Software Engineering
7674,Build and Release Engineer at Expedia (mail.shishir123@gmail.com),Software Engineering
7681,Senior Associate at Cognizant Technology Solutions,Software Engineering
7691,Senior Analyst Programmer at Barclays,Software Engineering
7697,Sr Manager Projects at Cognizant Technology Solutions,Software Engineering
7703,IBM Sterling Commerce (MCFS) Consultant,Software Engineering
7704,Computer Software Professional,Software Engineering
7714,Global Client Partner at Cognizant Technology Solutions,Software Engineering
7716,TA at Nagarro,Software Engineering
7718,Associate Projects at Cognizant Technologies Ltd,Software Engineering
7721,Software Engineer at CSC,Software Engineering
7729,Student at University of Lucknow,Software Engineering
7733,Technical Lead at PTC,Software Engineering
7736,OIM Consultant at PNC,Software Engineering
7740,Product Engineer at Ariba Bangalore,Software Engineering
7762,Software Engineer at Symantec,Software Engineering
7769,Associate Consultant at HCL Technologies,Software Engineering
7770,Senior Associate Infrastructure at SapientNitro,Software Engineering
7772,Senior Associate - Projects at Cognizant Netherlands,Software Engineering
8032,Software Engineer @ naukri.com,Software Engineering
8037,Product Promotion Dept. at BBB technology,Software Engineering
8048,Software Designer & Sr. Technical Architect,Software Engineering
8050,Software Engineer at Microsoft,Software Engineering
8056,Associate Quality Analyst at Synechron Technologies Pvt Ltd.,Software Engineering
8057,Consultant @ Icertis,Software Engineering
8058,Software developer,Software Engineering
8062,Software Engineering Analyst at Accenture,Software Engineering
8064,SQL Developer at Yardi Software India Pvt Ltd,Software Engineering
8065,Application Developer at iNautix Technologies,Software Engineering
8066,Software Engineer at Accenture,Software Engineering
8067,Senior Programmer at Accenture,Software Engineering
8068,Senior Executive at Vodafone India Services Pvt. Ltd.,Software Engineering
8071,Software Developer at CodeWalla,Software Engineering
8076,Student at sinhgad institute,Software Engineering
8081,Software Engineer at Accenture Services,Software Engineering
8083,Software Developer,Software Engineering
8087,Student at Sinhgad,Software Engineering
8089,Student at University of Pune,Software Engineering
8090,Software Developer,Software Engineering
8092,Application Programmer at Sutherland Global Services,Software Engineering
8093,Software Engineer at iGate,Software Engineering
8094,Student at Nagpur University,Software Engineering
8097,"Software Engineer at Meditab Software, Inc.",Software Engineering
9801,Consulting Manager at Avature,Software Engineering
9931,VP HR at Microsoft,Software Engineering
9941,Product Manager at Murex,Software Engineering
10012,"Regional Sales Director at Kenexa, an IBM Company",Software Engineering
10196,Trainer & Implementation specialist at Careweb,Software Engineering
10270,Global Talent Acquisition/Sourcing Manager,Software Engineering
10307,Accenture Campus Recruiting Lead-East Region,Software Engineering
10361,Technical Analyst,Software Engineering
10384,Sr. Business Analyst at Connecture,Software Engineering
10792,"Technology Sales Leader, Unified Communications and Enterprise Mobility Management Expert, Innovator, Visionary",Software Engineering
10946,Diversity Recruiter at Oracle,Software Engineering
10965,The Business Amplification Expert,Software Engineering
11095,Software Developer at Bloomberg,Software Engineering
11110,Portfolio/Delivery Manager at IBM Global Services,Software Engineering
11125,IT Compliance & Security Manager,Software Engineering
11163,"Software Engineer at JK Technosoft Ltd., Noida",Software Engineering
11165,Sr PHP Developer at Orange Mantra,Software Engineering
11167,Android Developer at Daffodil Software Ltd.,Software Engineering
11174,Software Engineer at Daffodil Software Ltd.,Software Engineering
11184,Senior Software Engineer at Accenture Technology Solutions,Software Engineering
11187,SOFTWARE ENGINEER at ACCENTURE INDIA SERVICES PRIVATE LIMITED,Software Engineering
11188,Director at Daffodil Software Ltd.,Software Engineering
11190,"at Accenture, Gurgaon",Software Engineering
11198,System Engg at Tata Consultancy Services,Software Engineering
12724,Gerente de Recursos Humanos en ASSIST CARD,Software Engineering
12907,Partner Business Manager at Hewlett-Packard,Software Engineering
13002,i phone application developer at Inspire Technologies,Software Engineering
13017,Ingeniero Inform√°tico de la Universidad Nacional de Trujillo,Software Engineering
13143,Software Engineer en Cignium Technologies,Software Engineering
13502,Asst. Manager at Abbrevia FZ LLC,Software Engineering
13518,Probationary Officer at Allahabad Bank,Software Engineering
13532,T L - Operations  at YesPay IT services Pvt Ltd,Software Engineering
13598,Computer Software Professional,Software Engineering
13602,IT Operations Analyst at Accenture India,Software Engineering
13685,Consultant at Avanade,Software Engineering
13692,Development Manager at Accenture,Software Engineering
13698,Project Manager,Software Engineering
13727,Resource Partner at Midwest Project Partners,Software Engineering
13735,Director of Shared Services at Whirlpool Corporation,Software Engineering
13740,Solution Architect at Accenture,Software Engineering
13773,Full-stack Web Application Developer at Priori Data,Software Engineering
13816,System Analyst at Accenture Services,Software Engineering
13828,"Account Manager at Accenture (Blue Cross and Blue Shield of Illinois, New Mexico, Oklahoma & Texas)",Software Engineering
13835,Consultant at Solution Design Group,Software Engineering
13889,Software Engineer at Emerson Process Management,Software Engineering
13894,"Programmer, problem-solver, raconteur, general man-about-town",Software Engineering
13909,Quality Assurance Manager at WebFilings,Software Engineering
13936,Accenture Procurement Project Management,Software Engineering
14380,Software Developer@SSP-UK,Software Engineering
14388,Lead Consultant at MSat,Software Engineering
14401,SAP MM/IS-Retail Consultant,Software Engineering
14404,Sr IT Functional Analyst - SAP EWM at Sigma-Aldrich,Software Engineering
