AJ_JOBID,JOB_TITLE,SPECIALTIES
173818,"Federal - Federal Financial Sr.Analyst ^ - Wash, DC Metro",Finance
205257,Federal - Financial Information System Consultant +,Finance
205335,Global Risk Assessment & Insurance Manager (Chicago),Finance
211745,Enterprise/Finance: Americas Tax Manager - San Francisco,Finance
212523,Client Financial Management Specialist,Finance
212664,"Enterprise/Finance: ExpatriateTax Analyst, Chicago/IL",Finance
212880,ABS Dalian Internal Controls Analyst,Finance
213732,Federal - General Accounting Specialist,Finance
214277,Billing Assistant with Italian&English,Finance
214503,Finance Specialist - Corporate Development & Transaction Services,Finance
214604,Corporate Development and Transaction Services Specialist,Finance
214631,Federal - Audit Specialist,Finance
214835,"Federal - IT Audit Analyst, Washington+",Finance
214935,Finance Process Senior Specialist,Finance
214938,CFM Transition Specialist,Finance
214965,Junior Financial Analyst with English,Finance
215137,ABS Dalian Gallia T&E Senior Assistant,Finance
215402,Client Portfolio Finance Practitioner,Finance
215698,ABS Dalian Finance Client Financial Management Analyst,Finance
215702,ABS Dalian Finance Client Financial Management Japan team Analyst,Finance
215915,APAC ASEAN Client Portfolio Finance Specialist (CMT),Finance
216105,Junior Financial Controller,Finance
216244,"FS AASEANNZ , CPFL",Finance
216881,Netherlands Finance and Accounting Analyst (Trainee Accountant),Finance
217284,Corporate Finance - Client Financial Management Specialist - Sacramento*,Finance
217483,"Enterprise/Finance: Corporate Forecasting, Planning & Compensation Specialist (Chicago)",Finance
218094,Federal - Costpoint Project Accountant Specialist,Finance
218203,ABS Dalian Finance Time & Expenses Assistant,Finance
218208,ABS Dalian Finance Time and Expenses Analyst (Greater China Team),Finance
218314,Federal - Costpoint Project Accountant Manager,Finance
218488,Corporate Finance:  Internal Audit Forensics Manager (Chicago),Finance
218511,Enterprise/Finance - Internal Audit Manager-Chicago,Finance
218914,Federal - Costpoint Project Accountant Manager+,Finance
219161,ABS Dalian CFM Analyst,Finance
219182,ABS Dalian CFM Specialist,Finance
219326,"Federal - Federal Financial Consultant Rosslyn, VA+",Finance
219341,Federal - Consolidation Accountant,Finance
219688,Billing Assistant with Italian&English,Finance
220105,"Corporate Finance - Client Financial Management Analyst - Florham Park, NJ",Finance
220225,ABS Dalian CBF Service Delivery Lead,Finance
220263,Billing Assistant with French&English,Finance
220275,"Corporate Finance - Client Financial Management Analyst - Minneapolis, MN",Finance
220276,"Corporate Finance - Client Financial Management Analyst - Sacramento,CA",Finance
220293,Internal Audit Specialist - Dublin,Finance
220779,Enterprise/Finance: Geographic Tax Accounting Manager - Chicago *,Finance
221045,Accounting Assistant,Finance
221089,Enterprise/Finance: Equity Accounting Specialist (Chicago),Finance
221362,Federal - Compliance PMO Senior Manager,Finance
221559,Internal Audit Manager,Finance
221564,ABS Dalian CFM Senior Analyst,Finance
221621,"Corporate Development and Transaction Services Specialist (Dallas, Atlanta, Chicago, DC, and NYC)+",Finance
221646,"Corporate Development and Transaction Services Analyst (San Francisco, Philadelphia, Metro NY, Metro DC, Chicago, Atlanta, Dallas)+",Finance
222014,"Corporate Finance - Finance Summer Internship Florham Park,NJ",Finance
222027,ABS Dalian CFM Specialist,Finance
222051,ABS Dalian CRM Contact Center Finance Time&Expense Analyst,Finance
222235,ABS Dalian Finance Time and Expenses Analyst,Finance
222238,Client Financial Management Analyst/Specialist,Finance
222440,ABS Dalian Finance Time & Expenses Senior Assistant,Finance
222442,ABS Dalian Client Financial Management Analyst,Finance
222558,"Corporate Finance - Client Financial Management Analyst - Chicago, IL",Finance
223146,Federal - Internal Audit Specialist +,Finance
224071,ABS Dalian Finance Controllership T&E Team Senior Analyst (Australia Team),Finance
224076,ABS Dalian Finance Accounting Service - ICG Supporting Team Senior Assistant,Finance
224758,CDTS Analyst,Finance
225172,ABS Dalian ICG Analyst,Finance
225637,"Corporate Finance - Finance Operations Analyst - Chicago, IL",Finance
225797,Enterprise/Finance: Director of Regulatory Reporting - Senior Manager - USA - Chicago preferred,Finance
226277,ABS Dalian Time & Expenses Global Processing Team Analyst,Finance
226323,Federal - Costpoint Project Accountant Specialist,Finance
226446,Federal – General Accounting Manager,Finance
226513,Finance-Client Financial Management Analyst,Finance
226645,Government Compliance Senior Manager,Finance
227185,Federal - Internal Audit IT Specialist,Finance
227194,Federal - Audit Specialist,Finance
227212,"Corporate Finance - Client Financial Management Analyst - Minneapolis, MN",Finance
227267,Finance Specialist- Greater China FS SPOC,Finance
227688,"International Tax Manager, Dublin",Finance
172593,SAP Solution Architect - International Opportunity,Software Engineering
173600,Storage Architect w/OpenStack experience,Software Engineering
173602,Storage Architect - Manager,Software Engineering
174325,"SAP MM/Purchase to Pay - MRO Architect - Philadelphia, PA or Saginaw/Southfield, MI",Software Engineering
174394,Salesforce.com Senior Software Engineer  +,Software Engineering
184066,"Informatica Lead -- Florham Park, NJ",Software Engineering
185995,"Federal - PeopleSoft Developer - Ft. Meade, MD+",Software Engineering
185997,"Federal - Senior PeopleSoft Developer - Ft. Meade, MD+",Software Engineering
188025,SAP Technical Arch/Basis/Portals -  Philadelphia PA,Software Engineering
188391,"Oracle Fusion Middleware Administrator - Atlanta, GA +",Software Engineering
188395,Informatica Lead -- Philadelphia,Software Engineering
188968,Pharmaceutical R&D System Implementation Consultant,Software Engineering
193249,Informatica Lead -- Philadelphia,Software Engineering
196111,Oracle Identity Management Administrator +,Software Engineering
196122,Oracle Identity Management Administrator- Manager +,Software Engineering
197978,ASW Technology Consultant,Software Engineering
197980,ASW Technology Consultant,Software Engineering
198124,ASW Technology Consultant,Software Engineering
198648,ASW User Experience Architect - D,Software Engineering
200149,"Federal - JDA Functional Systems Specialist #322 -Whitehall, Ohio **",Software Engineering
200556,"Techno Functional Support Analyst - Florham Park, NJ +",Software Engineering
203905,Multiple Positions,Software Engineering
204957,"Federal - SAP BO Functional Systems Specialist  #279  , Philadelphia, Pa",Software Engineering
205021,"Federal - Help Desk Analyst Annapolis Junction, MD",Software Engineering
205566,"OBIEE System Administrator - Atlanta, GA",Software Engineering
205634,Federal - SAP BI Front End Developer,Software Engineering
205639,Federal - SAP-BASIS Technical Architect,Software Engineering
205640,Federal - SAP-BASIS Sr. Technical Archtect,Software Engineering
205921,Federal - ABAP Business Integration Consultant 2+,Software Engineering
206287,Federal - SAP BI/BW Developer,Software Engineering
206714,Federal - SAP BI/BW Developer,Software Engineering
206716,Federal - SAP BI/BW Developer,Software Engineering
206721,Federal - ETL/Access Data Conversion Sr. Specialist,Software Engineering
207371,Federal - Cognos Developer - MD,Software Engineering
207374,"Federal - Database Engineer - Annapolis Junction, MD",Software Engineering
207404,Federal - Cognos Developer - MD,Software Engineering
207787,Salesforce.com Systems Analyst  +,Software Engineering
207789,Salesforce.com Senior Systems Analyst +,Software Engineering
208317,Federal - Test Analyst,Software Engineering
208416,Federal - Java Consultant,Software Engineering
208418,"Federal - Java, Consultant",Software Engineering
208422,"Federal - Java Developer, Analyst",Software Engineering
208428,"Federal - Java Developer, System Analyst",Software Engineering
208432,"Federal - Java Developer, Sr. System Analyst",Software Engineering
208946,Federal - Cross-domain Technical Expert,Software Engineering
209145,Oracle Analytics Developer,Software Engineering
209460,"Informatica Lead -- Chicago, IL",Software Engineering
210034,Software Engineering eCommerce Developer -S,Software Engineering
210153,"Informatica Lead -- Chicago, IL",Software Engineering
210181,Web and eCommerce Technical Architect +,Software Engineering
210387,Business Process/Requirements Analyst - Austin,Software Engineering
210411,Web and eCommerce QA Lead,Software Engineering
210530,Federal - Junior Software Engineer +,Software Engineering
210562,Federal - Junior Software Developer & Technical Analyst +,Software Engineering
210617,Business Objects Systems Analyst +,Software Engineering
210619,Business Objects Systems Analyst+,Software Engineering
210628,Cognos Developer+,Software Engineering
210636,ASW Professional Services System Analyst,Software Engineering
210647,ETL Informatica Analyst Programmer +,Software Engineering
210649,ETL Informatica Systems Analyst +,Software Engineering
210661,Web & eCommerce Development Lead +,Software Engineering
210790,ETL DataStage Systems Analyst +,Software Engineering
210813,Big Data Software Engineering Analyst+,Software Engineering
210815,Hadoop Software Engineering Team Lead+,Software Engineering
210838,Federal -SharePoint System Specialist,Software Engineering
211008,Federal - SAP Entry Level FI/FM Functional Analyst,Software Engineering
211284,Websphere Lead,Software Engineering
211288,Build and Deploy Lead,Software Engineering
211289,Data and Database Deployment Lead,Software Engineering
211357,Federal - Oracle PL/SQL Developer,Software Engineering
211382,Software Engineering - Sr. Analyst - Java - S,Software Engineering
211400,Federal - Java Developer,Software Engineering
211415,Software Engineering Sr. Analyst - Java - S - Multiple Locations,Software Engineering
211416,Application Senior Specialist (Water Empower),Software Engineering
211418,Application Senior Specialist (LABWARE LIMS),Software Engineering
211540,Federal - Microsoft Senior Business Intelligence Developer,Software Engineering
211547,Java Developer,Software Engineering
211551,Java Developer,Software Engineering
213061,Scrum Master,Software Engineering
213200,"Hyperion Administrator - Atlanta, GA+",Software Engineering
213203,Federal - Java/J2EE Developer,Software Engineering
213256,Informatica Associate Manager -- New York City Metro,Software Engineering
213257,Oracle Revenue Management and Billing Consultant - Location Negotiable +,Software Engineering
213262,CIO New Analyst+,Software Engineering
213269,Java Developer**,Software Engineering
213300,Federal - Oracle DBA,Software Engineering
213308,ASW Software Developer,Software Engineering
213338,Federal - Cognos Developer,Software Engineering
213520,"Federal -BW Report Functional Analyst  #41, Phil, Pa",Software Engineering
213574,Software Developer,Software Engineering
213577,Finale System Architect,Software Engineering
213669,System Test Lead,Software Engineering
213670,"Oracle Database Administrator - Atlanta, GA +",Software Engineering
213679,System Test Lead,Software Engineering
214074,Federal - Business Operations Analyst,Software Engineering
214091,Junior Tester,Software Engineering
214360,"Federal - Peoplesoft Developer Annapolis Junction, MD",Software Engineering
214375,Federal -SAP Application Security 1 - Specialist,Software Engineering
214540,Federal - Technical Infrastructure Analyst,Software Engineering
214569,"Federal - SAP Development System Specialist #327 Whitehall, Ohio**",Software Engineering
214571,Federal - Oracle Database Administrator,Software Engineering
214594,SAP Technical Arch/Basis/Portals -  Cincinnati **,Software Engineering
214595,"Federal - SAP Functional Design Specialist #265-Falls Church,VA",Software Engineering
214668,Federal - Microsoft SharePoint  Developer- Consultant,Software Engineering
214780,"Oracle Conversion Developer - Los Angeles, CA +",Software Engineering
214790,"Business Systems Analyst - Princeton, NJ +",Software Engineering
214820,Cloud Innovation Lab Senior Manager,Software Engineering
214850,Mobile Testing Consultant +,Software Engineering
214972,"Federal - SAP Development System Specialist, Alexandria",Software Engineering
214974,"Federal - SAP Functional System Specialist, Alexandria _+",Software Engineering
214976,"Federal - SAP Functional System Specialist, Alexandria",Software Engineering
214977,"Federal - SAP Functional System Specialist, Alexandria",Software Engineering
214982,Federal - SAP Functional Analyst,Software Engineering
214985,"Federal - SAP Functional System Specialist, Alexandria",Software Engineering
215029,HCM Systems - Workday Systems Analyst+,Software Engineering
215094,"Federal - SAP BO Functional Systems Specialist  #279  , Philadelphia, Pa",Software Engineering
215109,Federal - ABAP Business Integration Analyst 2,Software Engineering
215113,"Federal - Senior PeopleSoft Developer - Annapolis Junction, MD",Software Engineering
215133,Service Center Analyst+,Software Engineering
215213,Federal - SQL Application DBA,Software Engineering
215236,"Oracle Conversion Developer - Austin, TX +",Software Engineering
215244,Human Capital Management Systems -Workday Integration Developer+,Software Engineering
215246,HCM Systems - Workday Reports Programmer+,Software Engineering
215268,Federal - SAP ABAP Developer,Software Engineering
215269,Federal - SAP ABAP Developer,Software Engineering
215272,COD QA Lead,Software Engineering
215308,"SAP SCM (QM, MM, PP, WM) Configurator",Software Engineering
215502,Federal - Business Intelligence Developer,Software Engineering
215503,Java/J2EE Execution Architect - Software Engineering Team Lead +,Software Engineering
215534,Data Warehouse Developer,Software Engineering
215551,Data Warehouse Developer,Software Engineering
215560,"Federal - ITSM Request Fulfillment Manager - Reston, VA",Software Engineering
215562,"Federal -Lotus Notes Developer - Reston, VA",Software Engineering
215564,"Federal -Software Developer - Reston, VA",Software Engineering
215569,"Federal - Test and Evaluation Engineer - Reston, VA",Software Engineering
215577,"Federal -Database Administrator - Reston, VA",Software Engineering
215615,System Architect,Software Engineering
215841,Java Webservices Software Engineering Sr. Analyst- Austin,Software Engineering
215846,Portal Technical Architect Administrator,Software Engineering
215848,"Entry Level Software Engineering Associate - Atlanta, GA +",Software Engineering
215856,CA Gen Developer,Software Engineering
216028,Junior Developer (11),Software Engineering
216037,Federal - Senior Siebel Functional Tester,Software Engineering
216089,Application Maintenance Case Tool Programmer,Software Engineering
216161,"Federal - Help Desk Technician, San Antonio",Software Engineering
216170,"Federal - Help Desk Technician, San Antonio***",Software Engineering
216172,"Federal - Help Desk Technician, San Antonio +",Software Engineering
216189,Federal - PeopleSoft Developer,Software Engineering
216253,"Federal - SAP Functional System Specialist#155, Alexandria",Software Engineering
216354,CA Gen Developer,Software Engineering
216357,CA Gen Developer,Software Engineering
216375,"Federal- Entry Level Training Program- Software Engineering Associate - Arlington, VA",Software Engineering
216381,Federal - MS File & Print Engineer,Software Engineering
216423,SAP FI/CO (Treasury/PS) Configuration Consultant - Philadelphia,Software Engineering
216596,"Entry Level Software Engineering Associate - Austin, TX +",Software Engineering
216646,Federal - Java Sr Development Analyst,Software Engineering
216696,"Entry Level Software Engineering Associate - Los Angeles, CA",Software Engineering
216844,CMT Sr Java Developer/ Software Engineer,Software Engineering
216949,Federal - Configuration Management Analyst,Software Engineering
216955,"Oracle E-Business Suite OAF Developer - Atlanta, GA or Washington, DC+",Software Engineering
217015,Data Analytics Senior Developer,Software Engineering
217140,CA:Gen Senior Software Developer,Software Engineering
217146,Federal - SQL Database Administrator,Software Engineering
217169,CA:Gen Software Developer,Software Engineering
217181,Federal - Java Developer (junior)*,Software Engineering
217187,Federal - Software Architect Manager,Software Engineering
217243,Federal - Jr Functional Support Analyst,Software Engineering
217245,Federal - Jr Functional Support Analyst,Software Engineering
217246,Federal - Jr Functional Support Analyst,Software Engineering
217247,Federal - Jr Functional Support Analyst,Software Engineering
217249,Federal - Jr Functional Support Analyst,Software Engineering
217251,Federal - Jr Functional Support Analyst,Software Engineering
217254,Federal - Jr Functional Support Analyst,Software Engineering
217256,Federal - Jr Functional Support Analyst,Software Engineering
217260,Federal - Jr Functional Support Analyst***,Software Engineering
217264,Federal - Jr Functional Support Analyst,Software Engineering
217270,Federal - Jr Functional Support Analyst+,Software Engineering
217411,PeopleSoft Software Engineering Support Technical Specialist,Software Engineering
217418,Federal - Software Tester,Software Engineering
217421,"Federal - Developer - San Antonio, TX***",Software Engineering
217438,Federal - Java Development Manager,Software Engineering
217455,"Federal - Technical Infrastructure Analyst Annapolis Junction, MD***",Software Engineering
217498,Federal - Technical Infrastructure Analyst,Software Engineering
217503,"Federal - Technical Infrastructure Analyst Annapolis Junction, MD",Software Engineering
217505,"Federal - Technical Infrastructure Analyst Annapolis Junction, MD+",Software Engineering
217506,Federal - Jr Developer,Software Engineering
217508,Federal - Jr Developer,Software Engineering
217509,"Federal - Jr Developer, Annapolis Junction, MD***",Software Engineering
217510,"Federal - Jr Developer, Annapolis Junction, MD",Software Engineering
217512,Federal - Jr Developer,Software Engineering
217513,"Federal - Jr Developer, Annapolis Junction, MD***",Software Engineering
217514,Federal - Jr Developer*,Software Engineering
217518,Federal - Jr Developer***,Software Engineering
217519,"Federal - Jr Developer Annapolis Junction, MD+",Software Engineering
217527,"OBIEE System Administrator - Atlanta, GA",Software Engineering
217613,"Federal - SAP/Manu Functional System Specialist #142-Whitehall, Ohio",Software Engineering
217639,SAP Tech Arch (HANA) - Philadelphia,Software Engineering
217644,Senior Portal Developer,Software Engineering
217652,"Federal SAP Functional System Specialist#14 - Whitehall, Ohio",Software Engineering
217654,"Federal SAP FI Functional System Specialist#12 - Whitehall, Ohio",Software Engineering
217660,Junior Software Developer,Software Engineering
217669,Federal - Technical Infrastructure Analyst,Software Engineering
217675,Data Analytics Developer,Software Engineering
217884,CMBS Java Software Engineer,Software Engineering
217936,Senior Data Warehouse Developer,Software Engineering
218057,"Federal - Help Desk Technician, Annapolis Junction, MD",Software Engineering
218068,"Federal - PeopleSoft Functional Analyst - San Antonio, TX +",Software Engineering
218073,Federal - Java Development Senior Analyst,Software Engineering
218086,Federal - Senior Performance Test Engineer 2,Software Engineering
218105,"Federal - Senior PeopleSoft Developer -Annapolis Junction, MD+",Software Engineering
218109,"Federal - PeopleSoft Developer - San Antonio, TX +",Software Engineering
218112,Senior Portal Developer,Software Engineering
218114,Sr. Tibco Administrator- Chicago*,Software Engineering
218120,"EDI/WTX/Mercator Developer - St. Louis, MO",Software Engineering
218311,Informatica MDM Developer,Software Engineering
218324,Informatica IDQ Developer,Software Engineering
218621,Java Software Developer Analyst **,Software Engineering
218776,Workday Integration Manager - Atlanta+,Software Engineering
218784,"Federal - Planning Development System Specialist (#81)-Whitehall, Ohio",Software Engineering
218791,Federal - SAP Functional System Specialist #91-Whitehall Oh,Software Engineering
218793,Federal  Development System Specialist (#5),Software Engineering
218798,Federal SAP Development System Specialist (#141,Software Engineering
218800,Federal SAP Development System Specialist (#219)),Software Engineering
218817,Federal - Oracle WebCenter Developer,Software Engineering
218824,Federal - Java Developer,Software Engineering
218921,Federal - Functional Analyst/Tester,Software Engineering
218924,Senior Java Developer,Software Engineering
218927,Federal - Java Developer,Software Engineering
219081,Federal - DB2 Database Administrator,Software Engineering
219130,Acquity Group ATG Development Lead,Software Engineering
219137,Acquity Group Development Lead +,Software Engineering
219140,Federal - Sharepoint Engineer,Software Engineering
219167,Acquity Group Development Operations Engineer - Shared Services,Software Engineering
219169,COD Medley Software Developer,Software Engineering
219170,COD Medley Software Developer,Software Engineering
219172,Acquity Group Senior Java Developer - Shared Services +,Software Engineering
219177,COD Medley QA Analyst,Software Engineering
219288,Federal - Senior Test Engineer,Software Engineering
219321,Federal - Business Operations Analyst,Software Engineering
219332,Portal Developer,Software Engineering
219484,"Oracle EBS Financials Developer - Atlanta, GA +",Software Engineering
219500,"PeopleSoft System Administrator - Atlanta, GA",Software Engineering
219503,"PeopleSoft Financials Developer - Atlanta, GA +",Software Engineering
219505,"Peoplesoft HCM Developer - Atlanta, GA +",Software Engineering
219552,"Federal - Acquisitions Consultant - Annapolis Junction, MD+",Software Engineering
219561,Senior iOS Developer,Software Engineering
219594,Federal - Federal Accounting Consultant 8+,Software Engineering
219607,Federal - Accounting Consultant 9+,Software Engineering
219608,"Federal - Acquisitions Consultant - Annapolis Junction, MD+",Software Engineering
219616,Federal SAP Development System Specialist #79,Software Engineering
219792,Human Capital Management Systems -Workday Integration Developer,Software Engineering
219826,AO Solution Architect,Software Engineering
219840,Senior Software Engineering eCommerce Developer - S,Software Engineering
219853,Web and eCommerce Technical Architect +,Software Engineering
219907,"Federal - Acquisitions Analyst - Annapolis Junction, MD+",Software Engineering
219934,Federal Accounting Analyst 10+,Software Engineering
219935,"Oracle Identity Management Administrator - Atlanta, GA or Sacramento, CA",Software Engineering
220048,Federal - SAP BI/BW Developer+,Software Engineering
220088,Sr. QA Analyst,Software Engineering
220160,Software Developer,Software Engineering
220178,Sr. QA Analyst,Software Engineering
220296,Federal -  Developer+,Software Engineering
220310,Federal -System Integration Consultant+,Software Engineering
220329,Federal - Database Administrator & Systems Specialist,Software Engineering
220474,Adobe LiveCycle Software Engineering Sr. Analyst- Austin,Software Engineering
220543,Federal - Federal System Integration Analyst +,Software Engineering
220597,Web and eCommerce Developer+,Software Engineering
220625,"Entry Level Software Engineering Associate - Jacksonville, FL",Software Engineering
220645,Websphere Commerce Server Developer,Software Engineering
220733,"Federal - Planning Functional System Specialist (#87)-Whitehall, Ohio",Software Engineering
220736,Data Warehouse System Specialist (8),Software Engineering
220743,Federal -Analyst SAP ABAP Developer,Software Engineering
220746,Federal -Analyst SAP ABAP Developer,Software Engineering
220785,Federal - Federal System Integration Consultant,Software Engineering
220789,Federal - Federal System Integration Consultant+,Software Engineering
220798,Federal - Developer+,Software Engineering
220802,Federal - Developer+,Software Engineering
220807,"Federal - Technical Writer Annapolis Junction, MD",Software Engineering
220808,"Federal - Technical Writer Annapolis Junction, MD+",Software Engineering
220866,"Informatica Lead -- Hartford, CT",Software Engineering
221084,"Federal- Entry Level Training Program- Software Engineering Associate - Arlington, VA+",Software Engineering
221094,"AS400 Technical Designer - Lake Mary, FL",Software Engineering
221133,ESRI GIS Support/Developer,Software Engineering
221249,Federal - Java Development Senior Analyst,Software Engineering
221251,Federal - SQL Server Database Administrator,Software Engineering
221281,SAP ABAP HR/HCM Systems Integrator,Software Engineering
221384,"Techno Functional Support Analyst - Princeton, NJ +",Software Engineering
221410,"AS400 Technical Designer - Lake Mary, FL",Software Engineering
221469,Federal - SAP Functional System Specialist.. Alexandria,Software Engineering
221519,"Business Objects Team Lead - Atlanta, GA",Software Engineering
221521,"Senior SPG Developer - Stamford, CT",Software Engineering
221546,"Oracle R12 Database Administrator - El Segundo, CA",Software Engineering
221610,Federal - Microsoft .NET Developer Analyst,Software Engineering
221677,Federal - Jr Functional Support Analyst**,Software Engineering
221763,"OBIEE Developer - Atlanta, GA",Software Engineering
221769,"Federal - Testing Specialist, Sr. System Analyst",Software Engineering
221779,Systems Analyst (Multiple Positions) - Chicago,Software Engineering
222129,Business Intelligence Qlikview / Tableau Sr Programmer+,Software Engineering
222163,Business Intelligence Qlikview / Tableau System Analyst+,Software Engineering
222168,Business and Systems Integration -  Salesforce.com Senior Systems Analyst **,Software Engineering
222318,Federal - Accounting Analyst 10.4,Software Engineering
222320,Federal - Accounting Analyst 10.1,Software Engineering
222326,Federal - Accounting Analyst 10.3,Software Engineering
222329,Federal - Accounting Analyst 10.5,Software Engineering
222332,Federal Accounting Analyst 10+,Software Engineering
222333,Federal -  Accounting Consultant 9+,Software Engineering
222339,Federal - Accounting Consultant 9.2,Software Engineering
222344,Federal - Accounting Analyst,Software Engineering
222345,Federal - Accounting Consultant 9.5,Software Engineering
222346,Federal - Federal Accounting Consultant 8+,Software Engineering
222547,Oracle Database Administrator,Software Engineering
222659,Release Analyst,Software Engineering
222674,Federal - Java Consultant,Software Engineering
222675,Federal - Java Consultant,Software Engineering
222676,"Federal - Java Developer, System Analyst",Software Engineering
222677,"Federal - Java Developer, Sr. System Analyst",Software Engineering
222684,"Hyperion DRM Specialist - Atlanta, GA+",Software Engineering
222794,Federal - Oracle PL/SQL Developer,Software Engineering
222813,Federal - Jr Developer - San Antonio,Software Engineering
222860,Federal - SAP FI/FM Functional Analyst,Software Engineering
222862,Federal - SAP Functional Analyst,Software Engineering
223022,Federal - Systems Engineer,Software Engineering
223056,"Federal - Developer+ - Annapolis Junction, MD",Software Engineering
223061,Federal - Developer+,Software Engineering
223063,"Federal - Developer+ - Annapolis Junction, MD",Software Engineering
223066,Federal - Developer,Software Engineering
223123,"SAP BI/BO Consultant - St. Petersburg, FL",Software Engineering
223168,Federal - Sr. Acquisitions Consultant,Software Engineering
223175,Federal - Sr. Acquisitions Consultant,Software Engineering
223183,Federal - Microsof Business Intelligence Developer Consultant,Software Engineering
223497,"Informatica Lead -- Philadelphia, PA",Software Engineering
223735,Federal -Systems Engineer,Software Engineering
223743,"Federal - Java Developer, Analyst",Software Engineering
223799,Senior CA Gen Developer,Software Engineering
223872,Federal - Application Development Delivery Manager,Software Engineering
223879,Federal - Oracle-BPEL/Performance Developer,Software Engineering
223882,Federal - Oracle-BPEL/Gen Technical Developer,Software Engineering
223885,Federal - Sr. Oracle EBS Developer,Software Engineering
223886,Federal - Sr. Oracle EBS Developer,Software Engineering
223888,Federal - Oracle EBS Developer,Software Engineering
223890,Federal - Oracle EBS Developer,Software Engineering
224111,Federal - Oracle Developer - Consultant,Software Engineering
224157,Data Analytics Senior Developer,Software Engineering
224183,Business and Systems Integration - Salesforce.com Senior Software Engineer +,Software Engineering
224487,Federal - MS File & Print Engineer,Software Engineering
224551,Java Developer - Senior Analyst,Software Engineering
224555,Java Developer - Specialist,Software Engineering
224561,Java Developer - Associate Manager,Software Engineering
224563,Federal - Sharepoint Engineer,Software Engineering
224617,"Informatica Lead -- Los Angeles, CA",Software Engineering
224618,"Informatica Lead -- Tampa, FL",Software Engineering
224691,Senior Web Developer,Software Engineering
224829,Senior Web Developer,Software Engineering
224842,Federal - SAP BI/BW ETL Specialist,Software Engineering
224843,Federal - SAP BI/BW ETL Specialist,Software Engineering
224845,"Federal -Systems Engineer - Reston, VA",Software Engineering
224847,Senior Web Developer,Software Engineering
224860,Federal - Functional Analyst,Software Engineering
224916,Federal - PeopleSoft Functional Consultant,Software Engineering
225029,"Federal -System Engineer - Reston, VA",Software Engineering
225042,"Federal -System Engineer - Reston, VA",Software Engineering
225053,"Federal -System Engineer - Reston, VA",Software Engineering
225095,"Conversion Developer -- Los Angeles, CA Metro",Software Engineering
225116,"Entry Level Business Analyst Associate - Los Angeles, CA",Software Engineering
225123,"Sr. Front End Developer- Bethesda, MD *",Software Engineering
225220,Testing CoE Continuous Improvement Lead,Software Engineering
225294,Federal - Senior Test Specialist,Software Engineering
225384,Federal - Systems Integration Tester+,Software Engineering
225397,Federal - RSS Java & PL/SQL Lead Developer,Software Engineering
225405,Federal - SDC Functional Tester,Software Engineering
225417,"Software Product Application Architect – Southfield, MI",Software Engineering
225422,"Ab Initio Sr. Developer - Atlanta, GA",Software Engineering
225429,"SAP Development Lead - Mechanicsburg, PA",Software Engineering
225436,Java/J2EE Execution Architect - Software Engineering Assoc Manager +,Software Engineering
225437,Java/J2EE Execution Architect - Software Engineering Assoc Manager,Software Engineering
225450,"SAP ABAP Developer - Mechanicsburg, PA",Software Engineering
225451,"SAP ABAP Developer - Mechanicsburg, PA",Software Engineering
225452,"SAP ABAP Developer - Mechanicsburg, PA",Software Engineering
225455,Federal - Jr. Java Developer+,Software Engineering
225458,"SAP ABAP Developer - Mechanicsburg, PA",Software Engineering
225459,"SAP ABAP Developer - Mechanicsburg, PA",Software Engineering
225469,Enterprise CIO: Release Lead Senior Specialist (Chicago area),Software Engineering
225473,Federal - Jr. Technical Architect Analyst+,Software Engineering
225633,"Ab Initio Team Lead - Washington, DC",Software Engineering
225771,Federal - Jr. Technical Architect Analyst,Software Engineering
225902,Environments Management and Support,Software Engineering
225971,Federal - SAP FI/FM Functional Analyst,Software Engineering
225974,Federal - SAP Functional Analyst,Software Engineering
226007,SAP Analyst+,Software Engineering
226068,"PeopleSoft Technical Lead – Hartford, CT",Software Engineering
226073,Federal - Jr. Technical Infrastructure Analyst+,Software Engineering
226110,Federal - Java/SQL Developer+,Software Engineering
226112,Federal - Database Administrator Lead,Software Engineering
226311,Senior Java Developer,Software Engineering
226345,Business and Systems Integration - Salesforce.com Senior Software Engineer **,Software Engineering
226354,TfB - HR&L - Software development/maintenance,Software Engineering
226435,Federal - SQL Application DBA,Software Engineering
226478,"Federal -Lotus Notes Developer - Reston, VA",Software Engineering
226482,"Informatica Lead -- Florham Park, NJ",Software Engineering
226489,Federal - Sharepoint Engineer,Software Engineering
226566,Java Developer,Software Engineering
226636,Federal - Java Consultant,Software Engineering
226641,Web Content Management Consultant+,Software Engineering
226720,Federal SAP Development System Specialist (#221)*,Software Engineering
226749,ASW Microsoft .NET Developer,Software Engineering
226756,Production Operations Analyst,Software Engineering
227001,Sr. QA Analyst,Software Engineering
227036,Federal - SAP BI/BW Developer,Software Engineering
227037,Federal - SAP BI/BW Developer,Software Engineering
227041,Federal - SAP BI/BW Developer,Software Engineering
227214,"Federal - Java Developer, Analyst",Software Engineering
227216,"Federal - Java Developer, Analyst Programmer",Software Engineering
227217,Federal - Java Consultant,Software Engineering
227218,"Federal - Java Developer, System Analyst",Software Engineering
227221,Federal - Functional Systems Sr.Analyst,Software Engineering
227630,"Federal -Database Administrator - Reston, VA",Software Engineering
227631,Federal - Senior Mainframe Database Administrator,Software Engineering
227632,Federal - Senior Mainframe Database Administrator,Software Engineering
227710,Federal - Java Development Specialist,Software Engineering
227807,Senior Developer,Software Engineering
227817,Java Sr. Software Engineer- Chicago,Software Engineering
227844,"Sr. Front End Developer- Bethesda, MD *",Software Engineering
227929,Java Sr. Software Engineer- Atlanta,Software Engineering
