174394,Salesforce.com Senior Software Engineer  +,Software Engineering
210034,Software Engineering eCommerce Developer -S,Software Engineering
210813,Big Data Software Engineering Analyst+,Software Engineering
210815,Hadoop Software Engineering Team Lead+,Software Engineering
211382,Software Engineering - Sr. Analyst - Java - S,Software Engineering
215113,"Federal - Senior PeopleSoft Developer - Annapolis Junction, MD",Software Engineering
215503,Java/J2EE Execution Architect - Software Engineering Team Lead +,Software Engineering
215841,Java Webservices Software Engineering Sr. Analyst- Austin,Software Engineering
215848,"Entry Level Software Engineering Associate - Atlanta, GA +",Software Engineering
217015,Data Analytics Senior Developer,Software Engineering
217140,CA:Gen Senior Software Developer,Software Engineering
